id,title,description,availability,condition,price,link,image_link,brand,product_type
kian-1,Coca-Cola | کوکاکولا,"Coca-Cola — Erfrischungsgetränke / نوشابه. Kian Markt, Luxemburger Str. 12, 50674 Köln.",in stock,new,,https://rahan-liard.vercel.app/shop,https://rahan-liard.vercel.app/images/categories/softdrinks.jpg,Kian Markt,Erfrischungsgetränke > نوشابه
kian-2,Pepsi | پپسی,"Pepsi — Erfrischungsgetränke / نوشابه. Kian Markt, Luxemburger Str. 12, 50674 Köln.",in stock,new,,https://rahan-liard.vercel.app/shop,https://rahan-liard.vercel.app/images/categories/softdrinks.jpg,Kian Markt,Erfrischungsgetränke > نوشابه
kian-3,Fanta | فانتا,"Fanta — Erfrischungsgetränke / نوشابه. Kian Markt, Luxemburger Str. 12, 50674 Köln.",in stock,new,,https://rahan-liard.vercel.app/shop,https://rahan-liard.vercel.app/images/categories/softdrinks.jpg,Kian Markt,Erfrischungsgetränke > نوشابه
kian-4,Sprite | اسپرایت,"Sprite — Erfrischungsgetränke / نوشابه. Kian Markt, Luxemburger Str. 12, 50674 Köln.",in stock,new,,https://rahan-liard.vercel.app/shop,https://rahan-liard.vercel.app/images/categories/softdrinks.jpg,Kian Markt,Erfrischungsgetränke > نوشابه
kian-5,7Up | سون‌آپ,"7Up — Erfrischungsgetränke / نوشابه. Kian Markt, Luxemburger Str. 12, 50674 Köln.",in stock,new,,https://rahan-liard.vercel.app/shop,https://rahan-liard.vercel.app/images/categories/softdrinks.jpg,Kian Markt,Erfrischungsgetränke > نوشابه
kian-6,Red Bull | ردبول,"Red Bull — Erfrischungsgetränke / نوشابه. Kian Markt, Luxemburger Str. 12, 50674 Köln.",in stock,new,,https://rahan-liard.vercel.app/shop,https://rahan-liard.vercel.app/images/categories/softdrinks.jpg,Kian Markt,Erfrischungsgetränke > نوشابه
kian-7,Monster Energy | مانستر,"Monster Energy — Erfrischungsgetränke / نوشابه. Kian Markt, Luxemburger Str. 12, 50674 Köln.",in stock,new,,https://rahan-liard.vercel.app/shop,https://rahan-liard.vercel.app/images/categories/softdrinks.jpg,Kian Markt,Erfrischungsgetränke > نوشابه
kian-8,Zuckerfreie Erfrischungsgetränke | نوشابه بدون شکر,"Zuckerfreie Erfrischungsgetränke — Erfrischungsgetränke / نوشابه. Kian Markt, Luxemburger Str. 12, 50674 Köln.",in stock,new,,https://rahan-liard.vercel.app/shop,https://rahan-liard.vercel.app/images/categories/softdrinks.jpg,Kian Markt,Erfrischungsgetränke > نوشابه
kian-9,Mineralwasser mit Kohlensäure | آب معدنی گازدار,"Mineralwasser mit Kohlensäure — Mineralwasser / آب معدنی. Kian Markt, Luxemburger Str. 12, 50674 Köln.",in stock,new,,https://rahan-liard.vercel.app/shop,https://rahan-liard.vercel.app/images/categories/water.jpg,Kian Markt,Mineralwasser > آب معدنی
kian-10,Mineralwasser ohne Kohlensäure | آب معدنی بدون گاز,"Mineralwasser ohne Kohlensäure — Mineralwasser / آب معدنی. Kian Markt, Luxemburger Str. 12, 50674 Köln.",in stock,new,,https://rahan-liard.vercel.app/shop,https://rahan-liard.vercel.app/images/categories/water.jpg,Kian Markt,Mineralwasser > آب معدنی
kian-11,Aromatisiertes Wasser | آب طعم‌دار,"Aromatisiertes Wasser — Mineralwasser / آب معدنی. Kian Markt, Luxemburger Str. 12, 50674 Köln.",in stock,new,,https://rahan-liard.vercel.app/shop,https://rahan-liard.vercel.app/images/categories/water.jpg,Kian Markt,Mineralwasser > آب معدنی
kian-12,Sunich Fruchtsaft | آبمیوه سن‌ایچ,"Sunich Fruchtsaft — Säfte / آبمیوه. Kian Markt, Luxemburger Str. 12, 50674 Köln.",in stock,new,,https://rahan-liard.vercel.app/shop,https://rahan-liard.vercel.app/images/products/oranges.jpg,Kian Markt,Säfte > آبمیوه
kian-13,Takdaneh Fruchtsaft | آبمیوه تکدانه,"Takdaneh Fruchtsaft — Säfte / آبمیوه. Kian Markt, Luxemburger Str. 12, 50674 Köln.",in stock,new,,https://rahan-liard.vercel.app/shop,https://rahan-liard.vercel.app/images/products/oranges.jpg,Kian Markt,Säfte > آبمیوه
kian-14,Rani Fruchtsaft | رانی,"Rani Fruchtsaft — Säfte / آبمیوه. Kian Markt, Luxemburger Str. 12, 50674 Köln.",in stock,new,,https://rahan-liard.vercel.app/shop,https://rahan-liard.vercel.app/images/products/oranges.jpg,Kian Markt,Säfte > آبمیوه
kian-15,Fruchtiges Malzgetränk | دلستر میوه‌ای,"Fruchtiges Malzgetränk — Säfte / آبمیوه. Kian Markt, Luxemburger Str. 12, 50674 Köln.",in stock,new,,https://rahan-liard.vercel.app/shop,https://rahan-liard.vercel.app/images/products/oranges.jpg,Kian Markt,Säfte > آبمیوه
kian-16,Orangensaft | آب پرتقال,"Orangensaft — Säfte / آبمیوه. Kian Markt, Luxemburger Str. 12, 50674 Köln.",in stock,new,,https://rahan-liard.vercel.app/shop,https://rahan-liard.vercel.app/images/products/oranges.jpg,Kian Markt,Säfte > آبمیوه
kian-17,Mangosaft | آب انبه,"Mangosaft — Säfte / آبمیوه. Kian Markt, Luxemburger Str. 12, 50674 Köln.",in stock,new,,https://rahan-liard.vercel.app/shop,https://rahan-liard.vercel.app/images/products/oranges.jpg,Kian Markt,Säfte > آبمیوه
kian-18,Ananassaft | آب آناناس,"Ananassaft — Säfte / آبمیوه. Kian Markt, Luxemburger Str. 12, 50674 Köln.",in stock,new,,https://rahan-liard.vercel.app/shop,https://rahan-liard.vercel.app/images/products/oranges.jpg,Kian Markt,Säfte > آبمیوه
kian-19,Pfirsichsaft | آب هلو,"Pfirsichsaft — Säfte / آبمیوه. Kian Markt, Luxemburger Str. 12, 50674 Köln.",in stock,new,,https://rahan-liard.vercel.app/shop,https://rahan-liard.vercel.app/images/products/oranges.jpg,Kian Markt,Säfte > آبمیوه
kian-20,Sauerkirschsaft | آب آلبالو,"Sauerkirschsaft — Säfte / آبمیوه. Kian Markt, Luxemburger Str. 12, 50674 Köln.",in stock,new,,https://rahan-liard.vercel.app/shop,https://rahan-liard.vercel.app/images/products/oranges.jpg,Kian Markt,Säfte > آبمیوه
kian-21,Granatapfelsaft | آب انار,"Granatapfelsaft — Säfte / آبمیوه. Kian Markt, Luxemburger Str. 12, 50674 Köln.",in stock,new,,https://rahan-liard.vercel.app/shop,https://rahan-liard.vercel.app/images/products/oranges.jpg,Kian Markt,Säfte > آبمیوه
kian-22,Malzgetränk Zitrone | دلستر لیمویی,"Malzgetränk Zitrone — Malzgetränke / دلستر. Kian Markt, Luxemburger Str. 12, 50674 Köln.",in stock,new,,https://rahan-liard.vercel.app/shop,https://rahan-liard.vercel.app/images/categories/softdrinks.jpg,Kian Markt,Malzgetränke > دلستر
kian-23,Malzgetränk Pfirsich | دلستر هلو,"Malzgetränk Pfirsich — Malzgetränke / دلستر. Kian Markt, Luxemburger Str. 12, 50674 Köln.",in stock,new,,https://rahan-liard.vercel.app/shop,https://rahan-liard.vercel.app/images/categories/softdrinks.jpg,Kian Markt,Malzgetränke > دلستر
kian-24,Malzgetränk Tropical | دلستر استوایی,"Malzgetränk Tropical — Malzgetränke / دلستر. Kian Markt, Luxemburger Str. 12, 50674 Köln.",in stock,new,,https://rahan-liard.vercel.app/shop,https://rahan-liard.vercel.app/images/categories/softdrinks.jpg,Kian Markt,Malzgetränke > دلستر
kian-25,Malzgetränk Klassisch | دلستر کلاسیک,"Malzgetränk Klassisch — Malzgetränke / دلستر. Kian Markt, Luxemburger Str. 12, 50674 Köln.",in stock,new,,https://rahan-liard.vercel.app/shop,https://rahan-liard.vercel.app/images/categories/softdrinks.jpg,Kian Markt,Malzgetränke > دلستر
kian-26,Malzgetränk Ananas | دلستر آناناس,"Malzgetränk Ananas — Malzgetränke / دلستر. Kian Markt, Luxemburger Str. 12, 50674 Köln.",in stock,new,,https://rahan-liard.vercel.app/shop,https://rahan-liard.vercel.app/images/categories/softdrinks.jpg,Kian Markt,Malzgetränke > دلستر
kian-27,Rosenwasser | گلاب,"Rosenwasser — Kräuterdestillate / عرقیات. Kian Markt, Luxemburger Str. 12, 50674 Köln.",in stock,new,,https://rahan-liard.vercel.app/shop,https://rahan-liard.vercel.app/images/categories/herbal.jpg,Kian Markt,Kräuterdestillate > عرقیات
kian-28,Minzdestillat | عرق نعناع,"Minzdestillat — Kräuterdestillate / عرقیات. Kian Markt, Luxemburger Str. 12, 50674 Köln.",in stock,new,,https://rahan-liard.vercel.app/shop,https://rahan-liard.vercel.app/images/categories/herbal.jpg,Kian Markt,Kräuterdestillate > عرقیات
kian-29,Moschusweiden-Destillat | عرق بیدمشک,"Moschusweiden-Destillat — Kräuterdestillate / عرقیات. Kian Markt, Luxemburger Str. 12, 50674 Köln.",in stock,new,,https://rahan-liard.vercel.app/shop,https://rahan-liard.vercel.app/images/categories/herbal.jpg,Kian Markt,Kräuterdestillate > عرقیات
kian-30,Zichorien-Destillat | عرق کاسنی,"Zichorien-Destillat — Kräuterdestillate / عرقیات. Kian Markt, Luxemburger Str. 12, 50674 Köln.",in stock,new,,https://rahan-liard.vercel.app/shop,https://rahan-liard.vercel.app/images/categories/herbal.jpg,Kian Markt,Kräuterdestillate > عرقیات
kian-31,Orangenblütenwasser | عرق بهارنارنج,"Orangenblütenwasser — Kräuterdestillate / عرقیات. Kian Markt, Luxemburger Str. 12, 50674 Köln.",in stock,new,,https://rahan-liard.vercel.app/shop,https://rahan-liard.vercel.app/images/categories/herbal.jpg,Kian Markt,Kräuterdestillate > عرقیات
kian-32,Erdrauch-Destillat | عرق شاتره,"Erdrauch-Destillat — Kräuterdestillate / عرقیات. Kian Markt, Luxemburger Str. 12, 50674 Köln.",in stock,new,,https://rahan-liard.vercel.app/shop,https://rahan-liard.vercel.app/images/categories/herbal.jpg,Kian Markt,Kräuterdestillate > عرقیات
kian-33,Khakshir-Samen | خاکشیر,"Khakshir-Samen — Kräuterdestillate / عرقیات. Kian Markt, Luxemburger Str. 12, 50674 Köln.",in stock,new,,https://rahan-liard.vercel.app/shop,https://rahan-liard.vercel.app/images/categories/herbal.jpg,Kian Markt,Kräuterdestillate > عرقیات
kian-34,Basilikumsamen | تخم شربتی,"Basilikumsamen — Kräuterdestillate / عرقیات. Kian Markt, Luxemburger Str. 12, 50674 Köln.",in stock,new,,https://rahan-liard.vercel.app/shop,https://rahan-liard.vercel.app/images/categories/herbal.jpg,Kian Markt,Kräuterdestillate > عرقیات
kian-35,Ahmad Tea | چای احمد,"Ahmad Tea — Tee & Kräutertee / چای و دمنوش. Kian Markt, Luxemburger Str. 12, 50674 Köln.",in stock,new,,https://rahan-liard.vercel.app/shop,https://rahan-liard.vercel.app/images/products/tea.jpg,Kian Markt,Tee & Kräutertee > چای و دمنوش
kian-36,Do Ghazal Tee | چای دوغزال,"Do Ghazal Tee — Tee & Kräutertee / چای و دمنوش. Kian Markt, Luxemburger Str. 12, 50674 Köln.",in stock,new,,https://rahan-liard.vercel.app/shop,https://rahan-liard.vercel.app/images/products/tea.jpg,Kian Markt,Tee & Kräutertee > چای و دمنوش
kian-37,Golestan Tee | چای گلستان,"Golestan Tee — Tee & Kräutertee / چای و دمنوش. Kian Markt, Luxemburger Str. 12, 50674 Köln.",in stock,new,,https://rahan-liard.vercel.app/shop,https://rahan-liard.vercel.app/images/products/tea.jpg,Kian Markt,Tee & Kräutertee > چای و دمنوش
kian-38,Mahmood Tee | چای محمود,"Mahmood Tee — Tee & Kräutertee / چای و دمنوش. Kian Markt, Luxemburger Str. 12, 50674 Köln.",in stock,new,,https://rahan-liard.vercel.app/shop,https://rahan-liard.vercel.app/images/products/tea.jpg,Kian Markt,Tee & Kräutertee > چای و دمنوش
kian-39,Schwarzer Tee | چای سیاه,"Schwarzer Tee — Tee & Kräutertee / چای و دمنوش. Kian Markt, Luxemburger Str. 12, 50674 Köln.",in stock,new,6.99 EUR,https://rahan-liard.vercel.app/shop,https://rahan-liard.vercel.app/images/products/tea.jpg,Kian Markt,Tee & Kräutertee > چای و دمنوش
kian-40,Grüner Tee | چای سبز,"Grüner Tee — Tee & Kräutertee / چای و دمنوش. Kian Markt, Luxemburger Str. 12, 50674 Köln.",in stock,new,,https://rahan-liard.vercel.app/shop,https://rahan-liard.vercel.app/images/products/tea.jpg,Kian Markt,Tee & Kräutertee > چای و دمنوش
kian-41,Kamillentee | دمنوش بابونه,"Kamillentee — Tee & Kräutertee / چای و دمنوش. Kian Markt, Luxemburger Str. 12, 50674 Köln.",in stock,new,,https://rahan-liard.vercel.app/shop,https://rahan-liard.vercel.app/images/products/tea.jpg,Kian Markt,Tee & Kräutertee > چای و دمنوش
kian-42,Borretschblüten-Tee | گل گاوزبان,"Borretschblüten-Tee — Tee & Kräutertee / چای و دمنوش. Kian Markt, Luxemburger Str. 12, 50674 Köln.",in stock,new,,https://rahan-liard.vercel.app/shop,https://rahan-liard.vercel.app/images/products/tea.jpg,Kian Markt,Tee & Kräutertee > چای و دمنوش
kian-43,Hibiskustee | چای ترش,"Hibiskustee — Tee & Kräutertee / چای و دمنوش. Kian Markt, Luxemburger Str. 12, 50674 Köln.",in stock,new,,https://rahan-liard.vercel.app/shop,https://rahan-liard.vercel.app/images/products/tea.jpg,Kian Markt,Tee & Kräutertee > چای و دمنوش
kian-44,Hashemi-Reis | برنج هاشمی,"Hashemi-Reis — Reis / برنج. Kian Markt, Luxemburger Str. 12, 50674 Köln.",in stock,new,,https://rahan-liard.vercel.app/shop,https://rahan-liard.vercel.app/images/products/rice.jpg,Kian Markt,Reis > برنج
kian-45,Tarom-Reis | برنج طارم,"Tarom-Reis — Reis / برنج. Kian Markt, Luxemburger Str. 12, 50674 Köln.",in stock,new,8.49 EUR,https://rahan-liard.vercel.app/shop,https://rahan-liard.vercel.app/images/products/rice.jpg,Kian Markt,Reis > برنج
kian-46,Sadri-Reis | برنج صدری,"Sadri-Reis — Reis / برنج. Kian Markt, Luxemburger Str. 12, 50674 Köln.",in stock,new,,https://rahan-liard.vercel.app/shop,https://rahan-liard.vercel.app/images/products/rice.jpg,Kian Markt,Reis > برنج
kian-47,Domsiah-Reis | برنج دم‌سیاه,"Domsiah-Reis — Reis / برنج. Kian Markt, Luxemburger Str. 12, 50674 Köln.",in stock,new,,https://rahan-liard.vercel.app/shop,https://rahan-liard.vercel.app/images/products/rice.jpg,Kian Markt,Reis > برنج
kian-48,Shirudi-Reis | برنج شیرودی,"Shirudi-Reis — Reis / برنج. Kian Markt, Luxemburger Str. 12, 50674 Köln.",in stock,new,,https://rahan-liard.vercel.app/shop,https://rahan-liard.vercel.app/images/products/rice.jpg,Kian Markt,Reis > برنج
kian-49,Fajr-Reis | برنج فجر,"Fajr-Reis — Reis / برنج. Kian Markt, Luxemburger Str. 12, 50674 Köln.",in stock,new,,https://rahan-liard.vercel.app/shop,https://rahan-liard.vercel.app/images/products/rice.jpg,Kian Markt,Reis > برنج
kian-50,Indischer Basmati-Reis | برنج باسماتی هند,"Indischer Basmati-Reis — Reis / برنج. Kian Markt, Luxemburger Str. 12, 50674 Köln.",in stock,new,,https://rahan-liard.vercel.app/shop,https://rahan-liard.vercel.app/images/products/rice.jpg,Kian Markt,Reis > برنج
kian-51,Pakistanischer Reis | برنج پاکستانی,"Pakistanischer Reis — Reis / برنج. Kian Markt, Luxemburger Str. 12, 50674 Köln.",in stock,new,,https://rahan-liard.vercel.app/shop,https://rahan-liard.vercel.app/images/products/rice.jpg,Kian Markt,Reis > برنج
kian-52,Türkischer Reis | برنج ترکی,"Türkischer Reis — Reis / برنج. Kian Markt, Luxemburger Str. 12, 50674 Köln.",in stock,new,,https://rahan-liard.vercel.app/shop,https://rahan-liard.vercel.app/images/products/rice.jpg,Kian Markt,Reis > برنج
kian-53,Pintobohnen | لوبیا چیتی,"Pintobohnen — Hülsenfrüchte / حبوبات. Kian Markt, Luxemburger Str. 12, 50674 Köln.",in stock,new,,https://rahan-liard.vercel.app/shop,https://rahan-liard.vercel.app/images/categories/legumes.jpg,Kian Markt,Hülsenfrüchte > حبوبات
kian-54,Rote Bohnen | لوبیا قرمز,"Rote Bohnen — Hülsenfrüchte / حبوبات. Kian Markt, Luxemburger Str. 12, 50674 Köln.",in stock,new,,https://rahan-liard.vercel.app/shop,https://rahan-liard.vercel.app/images/categories/legumes.jpg,Kian Markt,Hülsenfrüchte > حبوبات
kian-55,Weiße Bohnen | لوبیا سفید,"Weiße Bohnen — Hülsenfrüchte / حبوبات. Kian Markt, Luxemburger Str. 12, 50674 Köln.",in stock,new,,https://rahan-liard.vercel.app/shop,https://rahan-liard.vercel.app/images/categories/legumes.jpg,Kian Markt,Hülsenfrüchte > حبوبات
kian-56,Augenbohnen | لوبیا چشم‌بلبلی,"Augenbohnen — Hülsenfrüchte / حبوبات. Kian Markt, Luxemburger Str. 12, 50674 Köln.",in stock,new,,https://rahan-liard.vercel.app/shop,https://rahan-liard.vercel.app/images/categories/legumes.jpg,Kian Markt,Hülsenfrüchte > حبوبات
kian-57,Linsen | عدس,"Linsen — Hülsenfrüchte / حبوبات. Kian Markt, Luxemburger Str. 12, 50674 Köln.",in stock,new,,https://rahan-liard.vercel.app/shop,https://rahan-liard.vercel.app/images/categories/legumes.jpg,Kian Markt,Hülsenfrüchte > حبوبات
kian-58,Gelbe Spalterbsen | لپه,"Gelbe Spalterbsen — Hülsenfrüchte / حبوبات. Kian Markt, Luxemburger Str. 12, 50674 Köln.",in stock,new,,https://rahan-liard.vercel.app/shop,https://rahan-liard.vercel.app/images/categories/legumes.jpg,Kian Markt,Hülsenfrüchte > حبوبات
kian-59,Kichererbsen | نخود,"Kichererbsen — Hülsenfrüchte / حبوبات. Kian Markt, Luxemburger Str. 12, 50674 Köln.",in stock,new,,https://rahan-liard.vercel.app/shop,https://rahan-liard.vercel.app/images/categories/legumes.jpg,Kian Markt,Hülsenfrüchte > حبوبات
kian-60,Mungbohnen | ماش,"Mungbohnen — Hülsenfrüchte / حبوبات. Kian Markt, Luxemburger Str. 12, 50674 Köln.",in stock,new,,https://rahan-liard.vercel.app/shop,https://rahan-liard.vercel.app/images/categories/legumes.jpg,Kian Markt,Hülsenfrüchte > حبوبات
kian-61,Sojabohnen | سویا,"Sojabohnen — Hülsenfrüchte / حبوبات. Kian Markt, Luxemburger Str. 12, 50674 Köln.",in stock,new,,https://rahan-liard.vercel.app/shop,https://rahan-liard.vercel.app/images/categories/legumes.jpg,Kian Markt,Hülsenfrüchte > حبوبات
kian-62,Kurkuma | زردچوبه,"Kurkuma — Gewürze / ادویه‌جات. Kian Markt, Luxemburger Str. 12, 50674 Köln.",in stock,new,,https://rahan-liard.vercel.app/shop,https://rahan-liard.vercel.app/images/categories/spices.jpg,Kian Markt,Gewürze > ادویه‌جات
kian-63,Schwarzer Pfeffer | فلفل سیاه,"Schwarzer Pfeffer — Gewürze / ادویه‌جات. Kian Markt, Luxemburger Str. 12, 50674 Köln.",in stock,new,,https://rahan-liard.vercel.app/shop,https://rahan-liard.vercel.app/images/categories/spices.jpg,Kian Markt,Gewürze > ادویه‌جات
kian-64,Chilipulver | فلفل قرمز,"Chilipulver — Gewürze / ادویه‌جات. Kian Markt, Luxemburger Str. 12, 50674 Köln.",in stock,new,,https://rahan-liard.vercel.app/shop,https://rahan-liard.vercel.app/images/categories/spices.jpg,Kian Markt,Gewürze > ادویه‌جات
kian-65,Zimt | دارچین,"Zimt — Gewürze / ادویه‌جات. Kian Markt, Luxemburger Str. 12, 50674 Köln.",in stock,new,,https://rahan-liard.vercel.app/shop,https://rahan-liard.vercel.app/images/categories/spices.jpg,Kian Markt,Gewürze > ادویه‌جات
kian-66,Kardamom | هل,"Kardamom — Gewürze / ادویه‌جات. Kian Markt, Luxemburger Str. 12, 50674 Köln.",in stock,new,,https://rahan-liard.vercel.app/shop,https://rahan-liard.vercel.app/images/categories/spices.jpg,Kian Markt,Gewürze > ادویه‌جات
kian-67,Ingwer | زنجبیل,"Ingwer — Gewürze / ادویه‌جات. Kian Markt, Luxemburger Str. 12, 50674 Köln.",in stock,new,,https://rahan-liard.vercel.app/shop,https://rahan-liard.vercel.app/images/categories/spices.jpg,Kian Markt,Gewürze > ادویه‌جات
kian-68,Kreuzkümmel | زیره,"Kreuzkümmel — Gewürze / ادویه‌جات. Kian Markt, Luxemburger Str. 12, 50674 Köln.",in stock,new,,https://rahan-liard.vercel.app/shop,https://rahan-liard.vercel.app/images/categories/spices.jpg,Kian Markt,Gewürze > ادویه‌جات
kian-69,Sumach | سماق,"Sumach — Gewürze / ادویه‌جات. Kian Markt, Luxemburger Str. 12, 50674 Köln.",in stock,new,,https://rahan-liard.vercel.app/shop,https://rahan-liard.vercel.app/images/categories/spices.jpg,Kian Markt,Gewürze > ادویه‌جات
kian-70,Golpar (Persischer Bärenklau) | گلپر,"Golpar (Persischer Bärenklau) — Gewürze / ادویه‌جات. Kian Markt, Luxemburger Str. 12, 50674 Köln.",in stock,new,,https://rahan-liard.vercel.app/shop,https://rahan-liard.vercel.app/images/categories/spices.jpg,Kian Markt,Gewürze > ادویه‌جات
kian-71,Safran | زعفران,"Safran — Gewürze / ادویه‌جات. Kian Markt, Luxemburger Str. 12, 50674 Köln.",in stock,new,,https://rahan-liard.vercel.app/shop,https://rahan-liard.vercel.app/images/categories/spices.jpg,Kian Markt,Gewürze > ادویه‌جات
kian-72,Thymian | آویشن,"Thymian — Gewürze / ادویه‌جات. Kian Markt, Luxemburger Str. 12, 50674 Köln.",in stock,new,,https://rahan-liard.vercel.app/shop,https://rahan-liard.vercel.app/images/categories/spices.jpg,Kian Markt,Gewürze > ادویه‌جات
kian-73,Curry | کاری,"Curry — Gewürze / ادویه‌جات. Kian Markt, Luxemburger Str. 12, 50674 Köln.",in stock,new,,https://rahan-liard.vercel.app/shop,https://rahan-liard.vercel.app/images/categories/spices.jpg,Kian Markt,Gewürze > ادویه‌جات
kian-74,Knoblauchpulver | پودر سیر,"Knoblauchpulver — Gewürze / ادویه‌جات. Kian Markt, Luxemburger Str. 12, 50674 Köln.",in stock,new,,https://rahan-liard.vercel.app/shop,https://rahan-liard.vercel.app/images/categories/spices.jpg,Kian Markt,Gewürze > ادویه‌جات
kian-75,Zwiebelpulver | پودر پیاز,"Zwiebelpulver — Gewürze / ادویه‌جات. Kian Markt, Luxemburger Str. 12, 50674 Köln.",in stock,new,,https://rahan-liard.vercel.app/shop,https://rahan-liard.vercel.app/images/categories/spices.jpg,Kian Markt,Gewürze > ادویه‌جات
kian-76,Tomatenmark | رب گوجه‌فرنگی,"Tomatenmark — Mark & Saucen / رب و چاشنی. Kian Markt, Luxemburger Str. 12, 50674 Köln.",in stock,new,,https://rahan-liard.vercel.app/shop,https://rahan-liard.vercel.app/images/categories/sauces.jpg,Kian Markt,Mark & Saucen > رب و چاشنی
kian-77,Granatapfelmark | رب انار,"Granatapfelmark — Mark & Saucen / رب و چاشنی. Kian Markt, Luxemburger Str. 12, 50674 Köln.",in stock,new,,https://rahan-liard.vercel.app/shop,https://rahan-liard.vercel.app/images/categories/sauces.jpg,Kian Markt,Mark & Saucen > رب و چاشنی
kian-78,Paprikamark | رب فلفل,"Paprikamark — Mark & Saucen / رب و چاشنی. Kian Markt, Luxemburger Str. 12, 50674 Köln.",in stock,new,,https://rahan-liard.vercel.app/shop,https://rahan-liard.vercel.app/images/categories/sauces.jpg,Kian Markt,Mark & Saucen > رب و چاشنی
kian-79,Verjus | آبغوره,"Verjus — Mark & Saucen / رب و چاشنی. Kian Markt, Luxemburger Str. 12, 50674 Köln.",in stock,new,,https://rahan-liard.vercel.app/shop,https://rahan-liard.vercel.app/images/categories/sauces.jpg,Kian Markt,Mark & Saucen > رب و چاشنی
kian-80,Zitronensaft | آبلیمو,"Zitronensaft — Mark & Saucen / رب و چاشنی. Kian Markt, Luxemburger Str. 12, 50674 Köln.",in stock,new,,https://rahan-liard.vercel.app/shop,https://rahan-liard.vercel.app/images/categories/sauces.jpg,Kian Markt,Mark & Saucen > رب و چاشنی
kian-81,Essig | سرکه,"Essig — Mark & Saucen / رب و چاشنی. Kian Markt, Luxemburger Str. 12, 50674 Köln.",in stock,new,,https://rahan-liard.vercel.app/shop,https://rahan-liard.vercel.app/images/categories/sauces.jpg,Kian Markt,Mark & Saucen > رب و چاشنی
kian-82,Mayonnaise | سس مایونز,"Mayonnaise — Mark & Saucen / رب و چاشنی. Kian Markt, Luxemburger Str. 12, 50674 Köln.",in stock,new,,https://rahan-liard.vercel.app/shop,https://rahan-liard.vercel.app/images/categories/sauces.jpg,Kian Markt,Mark & Saucen > رب و چاشنی
kian-83,Ketchup | کچاپ,"Ketchup — Mark & Saucen / رب و چاشنی. Kian Markt, Luxemburger Str. 12, 50674 Köln.",in stock,new,,https://rahan-liard.vercel.app/shop,https://rahan-liard.vercel.app/images/categories/sauces.jpg,Kian Markt,Mark & Saucen > رب و چاشنی
kian-84,Senf | خردل,"Senf — Mark & Saucen / رب و چاشنی. Kian Markt, Luxemburger Str. 12, 50674 Köln.",in stock,new,,https://rahan-liard.vercel.app/shop,https://rahan-liard.vercel.app/images/categories/sauces.jpg,Kian Markt,Mark & Saucen > رب و چاشنی
kian-85,Scharfe Sauce | سس تند,"Scharfe Sauce — Mark & Saucen / رب و چاشنی. Kian Markt, Luxemburger Str. 12, 50674 Köln.",in stock,new,,https://rahan-liard.vercel.app/shop,https://rahan-liard.vercel.app/images/categories/sauces.jpg,Kian Markt,Mark & Saucen > رب و چاشنی
kian-86,Knoblauchsauce | سس سیر,"Knoblauchsauce — Mark & Saucen / رب و چاشنی. Kian Markt, Luxemburger Str. 12, 50674 Köln.",in stock,new,,https://rahan-liard.vercel.app/shop,https://rahan-liard.vercel.app/images/categories/sauces.jpg,Kian Markt,Mark & Saucen > رب و چاشنی
kian-87,Salzgurken | خیارشور,"Salzgurken — Eingelegtes & Oliven / ترشیجات. Kian Markt, Luxemburger Str. 12, 50674 Köln.",in stock,new,,https://rahan-liard.vercel.app/shop,https://rahan-liard.vercel.app/images/categories/jam.jpg,Kian Markt,Eingelegtes & Oliven > ترشیجات
kian-88,Oliven | زیتون,"Oliven — Eingelegtes & Oliven / ترشیجات. Kian Markt, Luxemburger Str. 12, 50674 Köln.",in stock,new,,https://rahan-liard.vercel.app/shop,https://rahan-liard.vercel.app/images/categories/jam.jpg,Kian Markt,Eingelegtes & Oliven > ترشیجات
kian-89,Gemischtes Eingelegtes | ترشی مخلوط,"Gemischtes Eingelegtes — Eingelegtes & Oliven / ترشیجات. Kian Markt, Luxemburger Str. 12, 50674 Köln.",in stock,new,,https://rahan-liard.vercel.app/shop,https://rahan-liard.vercel.app/images/categories/jam.jpg,Kian Markt,Eingelegtes & Oliven > ترشیجات
kian-90,Torshi Liteh | ترشی لیته,"Torshi Liteh — Eingelegtes & Oliven / ترشیجات. Kian Markt, Luxemburger Str. 12, 50674 Köln.",in stock,new,,https://rahan-liard.vercel.app/shop,https://rahan-liard.vercel.app/images/categories/jam.jpg,Kian Markt,Eingelegtes & Oliven > ترشیجات
kian-91,Eingelegter Knoblauch | سیر ترشی,"Eingelegter Knoblauch — Eingelegtes & Oliven / ترشیجات. Kian Markt, Luxemburger Str. 12, 50674 Köln.",in stock,new,,https://rahan-liard.vercel.app/shop,https://rahan-liard.vercel.app/images/categories/jam.jpg,Kian Markt,Eingelegtes & Oliven > ترشیجات
kian-92,Salzgemüse | شور,"Salzgemüse — Eingelegtes & Oliven / ترشیجات. Kian Markt, Luxemburger Str. 12, 50674 Köln.",in stock,new,,https://rahan-liard.vercel.app/shop,https://rahan-liard.vercel.app/images/categories/jam.jpg,Kian Markt,Eingelegtes & Oliven > ترشیجات
kian-93,Nudeln | ماکارونی,"Nudeln — Trockenwaren / مواد غذایی خشک. Kian Markt, Luxemburger Str. 12, 50674 Köln.",in stock,new,,https://rahan-liard.vercel.app/shop,https://rahan-liard.vercel.app/images/categories/pasta.jpg,Kian Markt,Trockenwaren > مواد غذایی خشک
kian-94,Ash-Nudeln | رشته آشی,"Ash-Nudeln — Trockenwaren / مواد غذایی خشک. Kian Markt, Luxemburger Str. 12, 50674 Köln.",in stock,new,,https://rahan-liard.vercel.app/shop,https://rahan-liard.vercel.app/images/categories/pasta.jpg,Kian Markt,Trockenwaren > مواد غذایی خشک
kian-95,Reshteh Polowi | رشته پلویی,"Reshteh Polowi — Trockenwaren / مواد غذایی خشک. Kian Markt, Luxemburger Str. 12, 50674 Köln.",in stock,new,,https://rahan-liard.vercel.app/shop,https://rahan-liard.vercel.app/images/categories/pasta.jpg,Kian Markt,Trockenwaren > مواد غذایی خشک
kian-96,Fadennudeln | ورمیشل,"Fadennudeln — Trockenwaren / مواد غذایی خشک. Kian Markt, Luxemburger Str. 12, 50674 Köln.",in stock,new,,https://rahan-liard.vercel.app/shop,https://rahan-liard.vercel.app/images/categories/pasta.jpg,Kian Markt,Trockenwaren > مواد غذایی خشک
kian-97,Weizenmehl | آرد سفید,"Weizenmehl — Trockenwaren / مواد غذایی خشک. Kian Markt, Luxemburger Str. 12, 50674 Köln.",in stock,new,,https://rahan-liard.vercel.app/shop,https://rahan-liard.vercel.app/images/categories/pasta.jpg,Kian Markt,Trockenwaren > مواد غذایی خشک
kian-98,Kichererbsenmehl | آرد نخودچی,"Kichererbsenmehl — Trockenwaren / مواد غذایی خشک. Kian Markt, Luxemburger Str. 12, 50674 Köln.",in stock,new,,https://rahan-liard.vercel.app/shop,https://rahan-liard.vercel.app/images/categories/pasta.jpg,Kian Markt,Trockenwaren > مواد غذایی خشک
kian-99,Reismehl | آرد برنج,"Reismehl — Trockenwaren / مواد غذایی خشک. Kian Markt, Luxemburger Str. 12, 50674 Köln.",in stock,new,,https://rahan-liard.vercel.app/shop,https://rahan-liard.vercel.app/images/categories/pasta.jpg,Kian Markt,Trockenwaren > مواد غذایی خشک
kian-100,Speisestärke | نشاسته,"Speisestärke — Trockenwaren / مواد غذایی خشک. Kian Markt, Luxemburger Str. 12, 50674 Köln.",in stock,new,,https://rahan-liard.vercel.app/shop,https://rahan-liard.vercel.app/images/categories/pasta.jpg,Kian Markt,Trockenwaren > مواد غذایی خشک
kian-101,Hartweizengrieß | آرد سمولینا,"Hartweizengrieß — Trockenwaren / مواد غذایی خشک. Kian Markt, Luxemburger Str. 12, 50674 Köln.",in stock,new,,https://rahan-liard.vercel.app/shop,https://rahan-liard.vercel.app/images/categories/pasta.jpg,Kian Markt,Trockenwaren > مواد غذایی خشک
kian-102,Joghurt | ماست,"Joghurt — Milchprodukte / لبنیات. Kian Markt, Luxemburger Str. 12, 50674 Köln.",in stock,new,3.49 EUR,https://rahan-liard.vercel.app/shop,https://rahan-liard.vercel.app/images/products/yogurt.jpg,Kian Markt,Milchprodukte > لبنیات
kian-103,Doogh (Joghurtgetränk) | دوغ,"Doogh (Joghurtgetränk) — Milchprodukte / لبنیات. Kian Markt, Luxemburger Str. 12, 50674 Köln.",in stock,new,,https://rahan-liard.vercel.app/shop,https://rahan-liard.vercel.app/images/categories/milk.jpg,Kian Markt,Milchprodukte > لبنیات
kian-104,Iranischer Käse | پنیر ایرانی,"Iranischer Käse — Milchprodukte / لبنیات. Kian Markt, Luxemburger Str. 12, 50674 Köln.",in stock,new,4.99 EUR,https://rahan-liard.vercel.app/shop,https://rahan-liard.vercel.app/images/products/cheese.jpg,Kian Markt,Milchprodukte > لبنیات
kian-105,Lighvan-Käse | پنیر لیقوان,"Lighvan-Käse — Milchprodukte / لبنیات. Kian Markt, Luxemburger Str. 12, 50674 Köln.",in stock,new,,https://rahan-liard.vercel.app/shop,https://rahan-liard.vercel.app/images/categories/milk.jpg,Kian Markt,Milchprodukte > لبنیات
kian-106,Sahne | خامه,"Sahne — Milchprodukte / لبنیات. Kian Markt, Luxemburger Str. 12, 50674 Köln.",in stock,new,,https://rahan-liard.vercel.app/shop,https://rahan-liard.vercel.app/images/categories/milk.jpg,Kian Markt,Milchprodukte > لبنیات
kian-107,Milch | شیر,"Milch — Milchprodukte / لبنیات. Kian Markt, Luxemburger Str. 12, 50674 Köln.",in stock,new,,https://rahan-liard.vercel.app/shop,https://rahan-liard.vercel.app/images/categories/milk.jpg,Kian Markt,Milchprodukte > لبنیات
kian-108,Butter | کره,"Butter — Milchprodukte / لبنیات. Kian Markt, Luxemburger Str. 12, 50674 Köln.",in stock,new,,https://rahan-liard.vercel.app/shop,https://rahan-liard.vercel.app/images/categories/milk.jpg,Kian Markt,Milchprodukte > لبنیات
kian-109,Kashk | کشک,"Kashk — Milchprodukte / لبنیات. Kian Markt, Luxemburger Str. 12, 50674 Köln.",in stock,new,,https://rahan-liard.vercel.app/shop,https://rahan-liard.vercel.app/images/categories/milk.jpg,Kian Markt,Milchprodukte > لبنیات
kian-110,Pizzakäse | پنیر پیتزا,"Pizzakäse — Milchprodukte / لبنیات. Kian Markt, Luxemburger Str. 12, 50674 Köln.",in stock,new,,https://rahan-liard.vercel.app/shop,https://rahan-liard.vercel.app/images/categories/milk.jpg,Kian Markt,Milchprodukte > لبنیات
kian-111,Eier | تخم‌مرغ,"Eier — Milchprodukte / لبنیات. Kian Markt, Luxemburger Str. 12, 50674 Köln.",in stock,new,3.29 EUR,https://rahan-liard.vercel.app/shop,https://rahan-liard.vercel.app/images/products/eggs.jpg,Kian Markt,Milchprodukte > لبنیات
kian-112,Pflanzenöl | روغن مایع,"Pflanzenöl — Speiseöle / روغن. Kian Markt, Luxemburger Str. 12, 50674 Köln.",in stock,new,,https://rahan-liard.vercel.app/shop,https://rahan-liard.vercel.app/images/categories/oil.jpg,Kian Markt,Speiseöle > روغن
kian-113,Frittieröl | روغن سرخ‌کردنی,"Frittieröl — Speiseöle / روغن. Kian Markt, Luxemburger Str. 12, 50674 Köln.",in stock,new,,https://rahan-liard.vercel.app/shop,https://rahan-liard.vercel.app/images/categories/oil.jpg,Kian Markt,Speiseöle > روغن
kian-114,Olivenöl | روغن زیتون,"Olivenöl — Speiseöle / روغن. Kian Markt, Luxemburger Str. 12, 50674 Köln.",in stock,new,,https://rahan-liard.vercel.app/shop,https://rahan-liard.vercel.app/images/categories/oil.jpg,Kian Markt,Speiseöle > روغن
kian-115,Sesamöl | روغن کنجد,"Sesamöl — Speiseöle / روغن. Kian Markt, Luxemburger Str. 12, 50674 Köln.",in stock,new,,https://rahan-liard.vercel.app/shop,https://rahan-liard.vercel.app/images/categories/oil.jpg,Kian Markt,Speiseöle > روغن
kian-116,Butterschmalz | روغن حیوانی,"Butterschmalz — Speiseöle / روغن. Kian Markt, Luxemburger Str. 12, 50674 Köln.",in stock,new,,https://rahan-liard.vercel.app/shop,https://rahan-liard.vercel.app/images/categories/oil.jpg,Kian Markt,Speiseöle > روغن
kian-117,Lammfleisch | گوشت گوسفند,"Lammfleisch — Halal Fleisch & Protein / گوشت و پروتئین حلال. Kian Markt, Luxemburger Str. 12, 50674 Köln.",in stock,new,,https://rahan-liard.vercel.app/shop,https://rahan-liard.vercel.app/images/categories/meat.jpg,Kian Markt,Halal Fleisch & Protein > گوشت و پروتئین حلال
kian-118,Rindfleisch | گوشت گوساله,"Rindfleisch — Halal Fleisch & Protein / گوشت و پروتئین حلال. Kian Markt, Luxemburger Str. 12, 50674 Köln.",in stock,new,,https://rahan-liard.vercel.app/shop,https://rahan-liard.vercel.app/images/categories/meat.jpg,Kian Markt,Halal Fleisch & Protein > گوشت و پروتئین حلال
kian-119,Hähnchen | مرغ,"Hähnchen — Halal Fleisch & Protein / گوشت و پروتئین حلال. Kian Markt, Luxemburger Str. 12, 50674 Köln.",in stock,new,,https://rahan-liard.vercel.app/shop,https://rahan-liard.vercel.app/images/categories/meat.jpg,Kian Markt,Halal Fleisch & Protein > گوشت و پروتئین حلال
kian-120,Jujeh Kabab | جوجه کباب,"Jujeh Kabab — Halal Fleisch & Protein / گوشت و پروتئین حلال. Kian Markt, Luxemburger Str. 12, 50674 Köln.",in stock,new,,https://rahan-liard.vercel.app/shop,https://rahan-liard.vercel.app/images/categories/meat.jpg,Kian Markt,Halal Fleisch & Protein > گوشت و پروتئین حلال
kian-121,Koobideh Kabab | کباب لقمه,"Koobideh Kabab — Halal Fleisch & Protein / گوشت و پروتئین حلال. Kian Markt, Luxemburger Str. 12, 50674 Köln.",in stock,new,,https://rahan-liard.vercel.app/shop,https://rahan-liard.vercel.app/images/categories/meat.jpg,Kian Markt,Halal Fleisch & Protein > گوشت و پروتئین حلال
kian-122,Halal Würstchen | سوسیس حلال,"Halal Würstchen — Halal Fleisch & Protein / گوشت و پروتئین حلال. Kian Markt, Luxemburger Str. 12, 50674 Köln.",in stock,new,,https://rahan-liard.vercel.app/shop,https://rahan-liard.vercel.app/images/categories/meat.jpg,Kian Markt,Halal Fleisch & Protein > گوشت و پروتئین حلال
kian-123,Halal Aufschnitt | کالباس حلال,"Halal Aufschnitt — Halal Fleisch & Protein / گوشت و پروتئین حلال. Kian Markt, Luxemburger Str. 12, 50674 Köln.",in stock,new,,https://rahan-liard.vercel.app/shop,https://rahan-liard.vercel.app/images/categories/meat.jpg,Kian Markt,Halal Fleisch & Protein > گوشت و پروتئین حلال
kian-124,Hamburger | همبرگر,"Hamburger — Halal Fleisch & Protein / گوشت و پروتئین حلال. Kian Markt, Luxemburger Str. 12, 50674 Köln.",in stock,new,,https://rahan-liard.vercel.app/shop,https://rahan-liard.vercel.app/images/categories/meat.jpg,Kian Markt,Halal Fleisch & Protein > گوشت و پروتئین حلال
kian-125,Hähnchenfilet | فیله مرغ,"Hähnchenfilet — Halal Fleisch & Protein / گوشت و پروتئین حلال. Kian Markt, Luxemburger Str. 12, 50674 Köln.",in stock,new,,https://rahan-liard.vercel.app/shop,https://rahan-liard.vercel.app/images/categories/meat.jpg,Kian Markt,Halal Fleisch & Protein > گوشت و پروتئین حلال
kian-126,Fisch | ماهی,"Fisch — Halal Fleisch & Protein / گوشت و پروتئین حلال. Kian Markt, Luxemburger Str. 12, 50674 Köln.",in stock,new,,https://rahan-liard.vercel.app/shop,https://rahan-liard.vercel.app/images/categories/meat.jpg,Kian Markt,Halal Fleisch & Protein > گوشت و پروتئین حلال
kian-127,Garnelen | میگو,"Garnelen — Halal Fleisch & Protein / گوشت و پروتئین حلال. Kian Markt, Luxemburger Str. 12, 50674 Köln.",in stock,new,,https://rahan-liard.vercel.app/shop,https://rahan-liard.vercel.app/images/categories/meat.jpg,Kian Markt,Halal Fleisch & Protein > گوشت و پروتئین حلال
kian-128,Ghormeh-Kräuter | سبزی قورمه,"Ghormeh-Kräuter — Fertiggerichte / غذاهای آماده. Kian Markt, Luxemburger Str. 12, 50674 Köln.",in stock,new,,https://rahan-liard.vercel.app/shop,https://rahan-liard.vercel.app/images/categories/cans.jpg,Kian Markt,Fertiggerichte > غذاهای آماده
kian-129,Ash-Kräuter | سبزی آش,"Ash-Kräuter — Fertiggerichte / غذاهای آماده. Kian Markt, Luxemburger Str. 12, 50674 Köln.",in stock,new,,https://rahan-liard.vercel.app/shop,https://rahan-liard.vercel.app/images/categories/cans.jpg,Kian Markt,Fertiggerichte > غذاهای آماده
kian-130,Kuku-Kräuter | سبزی کوکو,"Kuku-Kräuter — Fertiggerichte / غذاهای آماده. Kian Markt, Luxemburger Str. 12, 50674 Köln.",in stock,new,,https://rahan-liard.vercel.app/shop,https://rahan-liard.vercel.app/images/categories/cans.jpg,Kian Markt,Fertiggerichte > غذاهای آماده
kian-131,Röstzwiebeln | پیاز داغ,"Röstzwiebeln — Fertiggerichte / غذاهای آماده. Kian Markt, Luxemburger Str. 12, 50674 Köln.",in stock,new,,https://rahan-liard.vercel.app/shop,https://rahan-liard.vercel.app/images/categories/cans.jpg,Kian Markt,Fertiggerichte > غذاهای آماده
kian-132,Gegrillte Auberginen | بادمجان کبابی,"Gegrillte Auberginen — Fertiggerichte / غذاهای آماده. Kian Markt, Luxemburger Str. 12, 50674 Köln.",in stock,new,,https://rahan-liard.vercel.app/shop,https://rahan-liard.vercel.app/images/categories/cans.jpg,Kian Markt,Fertiggerichte > غذاهای آماده
kian-133,Kashk-e Bademjan | کشک بادمجان,"Kashk-e Bademjan — Fertiggerichte / غذاهای آماده. Kian Markt, Luxemburger Str. 12, 50674 Köln.",in stock,new,,https://rahan-liard.vercel.app/shop,https://rahan-liard.vercel.app/images/categories/cans.jpg,Kian Markt,Fertiggerichte > غذاهای آماده
kian-134,Samanu | سمنو,"Samanu — Fertiggerichte / غذاهای آماده. Kian Markt, Luxemburger Str. 12, 50674 Köln.",in stock,new,,https://rahan-liard.vercel.app/shop,https://rahan-liard.vercel.app/images/categories/cans.jpg,Kian Markt,Fertiggerichte > غذاهای آماده
kian-135,Dolma (Gefüllte Weinblätter) | دلمه,"Dolma (Gefüllte Weinblätter) — Fertiggerichte / غذاهای آماده. Kian Markt, Luxemburger Str. 12, 50674 Köln.",in stock,new,,https://rahan-liard.vercel.app/shop,https://rahan-liard.vercel.app/images/categories/cans.jpg,Kian Markt,Fertiggerichte > غذاهای آماده
kian-136,Ghormeh Sabzi Eintopf | خورش قورمه‌سبزی,"Ghormeh Sabzi Eintopf — Fertiggerichte / غذاهای آماده. Kian Markt, Luxemburger Str. 12, 50674 Köln.",in stock,new,,https://rahan-liard.vercel.app/shop,https://rahan-liard.vercel.app/images/categories/cans.jpg,Kian Markt,Fertiggerichte > غذاهای آماده
kian-137,Gheimeh Eintopf | خورش قیمه,"Gheimeh Eintopf — Fertiggerichte / غذاهای آماده. Kian Markt, Luxemburger Str. 12, 50674 Köln.",in stock,new,,https://rahan-liard.vercel.app/shop,https://rahan-liard.vercel.app/images/categories/cans.jpg,Kian Markt,Fertiggerichte > غذاهای آماده
kian-138,Fesenjan | فسنجان,"Fesenjan — Fertiggerichte / غذاهای آماده. Kian Markt, Luxemburger Str. 12, 50674 Köln.",in stock,new,,https://rahan-liard.vercel.app/shop,https://rahan-liard.vercel.app/images/categories/cans.jpg,Kian Markt,Fertiggerichte > غذاهای آماده
kian-139,Iranische Konserven | کنسرو ایرانی,"Iranische Konserven — Fertiggerichte / غذاهای آماده. Kian Markt, Luxemburger Str. 12, 50674 Köln.",in stock,new,,https://rahan-liard.vercel.app/shop,https://rahan-liard.vercel.app/images/categories/cans.jpg,Kian Markt,Fertiggerichte > غذاهای آماده
kian-140,Saghe Talaei Kekse | ساقه طلایی,"Saghe Talaei Kekse — Kekse & Gebäck / بیسکویت و شیرینی. Kian Markt, Luxemburger Str. 12, 50674 Köln.",in stock,new,,https://rahan-liard.vercel.app/shop,https://rahan-liard.vercel.app/images/products/saghe-talaei.jpg,Kian Markt,Kekse & Gebäck > بیسکویت و شیرینی
kian-141,Madar Kekse | بیسکویت مادر,"Madar Kekse — Kekse & Gebäck / بیسکویت و شیرینی. Kian Markt, Luxemburger Str. 12, 50674 Köln.",in stock,new,,https://rahan-liard.vercel.app/shop,https://rahan-liard.vercel.app/images/categories/biscuits.jpg,Kian Markt,Kekse & Gebäck > بیسکویت و شیرینی
kian-142,Petit Beurre | پتی‌بور,"Petit Beurre — Kekse & Gebäck / بیسکویت و شیرینی. Kian Markt, Luxemburger Str. 12, 50674 Köln.",in stock,new,,https://rahan-liard.vercel.app/shop,https://rahan-liard.vercel.app/images/categories/biscuits.jpg,Kian Markt,Kekse & Gebäck > بیسکویت و شیرینی
kian-143,Cremekekse | بیسکویت کرم‌دار,"Cremekekse — Kekse & Gebäck / بیسکویت و شیرینی. Kian Markt, Luxemburger Str. 12, 50674 Köln.",in stock,new,,https://rahan-liard.vercel.app/shop,https://rahan-liard.vercel.app/images/categories/biscuits.jpg,Kian Markt,Kekse & Gebäck > بیسکویت و شیرینی
kian-144,Waffeln | ویفر,"Waffeln — Kekse & Gebäck / بیسکویت و شیرینی. Kian Markt, Luxemburger Str. 12, 50674 Köln.",in stock,new,,https://rahan-liard.vercel.app/shop,https://rahan-liard.vercel.app/images/categories/biscuits.jpg,Kian Markt,Kekse & Gebäck > بیسکویت و شیرینی
kian-145,Yazdi-Kuchen | کیک یزدی,"Yazdi-Kuchen — Kekse & Gebäck / بیسکویت و شیرینی. Kian Markt, Luxemburger Str. 12, 50674 Köln.",in stock,new,,https://rahan-liard.vercel.app/shop,https://rahan-liard.vercel.app/images/categories/biscuits.jpg,Kian Markt,Kekse & Gebäck > بیسکویت و شیرینی
kian-146,Kolucheh | کلوچه,"Kolucheh — Kekse & Gebäck / بیسکویت و شیرینی. Kian Markt, Luxemburger Str. 12, 50674 Köln.",in stock,new,,https://rahan-liard.vercel.app/shop,https://rahan-liard.vercel.app/images/categories/biscuits.jpg,Kian Markt,Kekse & Gebäck > بیسکویت و شیرینی
kian-147,Ghotab | قطاب,"Ghotab — Kekse & Gebäck / بیسکویت و شیرینی. Kian Markt, Luxemburger Str. 12, 50674 Köln.",in stock,new,,https://rahan-liard.vercel.app/shop,https://rahan-liard.vercel.app/images/categories/biscuits.jpg,Kian Markt,Kekse & Gebäck > بیسکویت و شیرینی
kian-148,KitKat | کیت‌کت,"KitKat — Schokolade / شکلات. Kian Markt, Luxemburger Str. 12, 50674 Köln.",in stock,new,,https://rahan-liard.vercel.app/shop,https://rahan-liard.vercel.app/images/categories/chocolate.jpg,Kian Markt,Schokolade > شکلات
kian-149,Mars | مارس,"Mars — Schokolade / شکلات. Kian Markt, Luxemburger Str. 12, 50674 Köln.",in stock,new,,https://rahan-liard.vercel.app/shop,https://rahan-liard.vercel.app/images/categories/chocolate.jpg,Kian Markt,Schokolade > شکلات
kian-150,Snickers | اسنیکرز,"Snickers — Schokolade / شکلات. Kian Markt, Luxemburger Str. 12, 50674 Köln.",in stock,new,,https://rahan-liard.vercel.app/shop,https://rahan-liard.vercel.app/images/categories/chocolate.jpg,Kian Markt,Schokolade > شکلات
kian-151,Milka | میلکا,"Milka — Schokolade / شکلات. Kian Markt, Luxemburger Str. 12, 50674 Köln.",in stock,new,,https://rahan-liard.vercel.app/shop,https://rahan-liard.vercel.app/images/categories/chocolate.jpg,Kian Markt,Schokolade > شکلات
kian-152,Toblerone | تابلرون,"Toblerone — Schokolade / شکلات. Kian Markt, Luxemburger Str. 12, 50674 Köln.",in stock,new,,https://rahan-liard.vercel.app/shop,https://rahan-liard.vercel.app/images/categories/chocolate.jpg,Kian Markt,Schokolade > شکلات
kian-153,Iranische Schokolade | شکلات ایرانی,"Iranische Schokolade — Schokolade / شکلات. Kian Markt, Luxemburger Str. 12, 50674 Köln.",in stock,new,,https://rahan-liard.vercel.app/shop,https://rahan-liard.vercel.app/images/categories/chocolate.jpg,Kian Markt,Schokolade > شکلات
kian-252,Minoo Rangarang Toffee | شکلات رنگارنگ مینو,"Minoo Rangarang Toffee — Schokolade / شکلات. Kian Markt, Luxemburger Str. 12, 50674 Köln.",in stock,new,,https://rahan-liard.vercel.app/shop,https://rahan-liard.vercel.app/images/products/rangarang.jpg,Kian Markt,Schokolade > شکلات
kian-154,Pofak (Käsesnack) | پفک,"Pofak (Käsesnack) — Snacks & Nüsse / تنقلات و آجیل. Kian Markt, Luxemburger Str. 12, 50674 Köln.",in stock,new,,https://rahan-liard.vercel.app/shop,https://rahan-liard.vercel.app/images/categories/snacks.jpg,Kian Markt,Snacks & Nüsse > تنقلات و آجیل
kian-155,Chips | چیپس,"Chips — Snacks & Nüsse / تنقلات و آجیل. Kian Markt, Luxemburger Str. 12, 50674 Köln.",in stock,new,,https://rahan-liard.vercel.app/shop,https://rahan-liard.vercel.app/images/categories/snacks.jpg,Kian Markt,Snacks & Nüsse > تنقلات و آجیل
kian-156,Kerne | تخمه,"Kerne — Snacks & Nüsse / تنقلات و آجیل. Kian Markt, Luxemburger Str. 12, 50674 Köln.",in stock,new,,https://rahan-liard.vercel.app/shop,https://rahan-liard.vercel.app/images/categories/snacks.jpg,Kian Markt,Snacks & Nüsse > تنقلات و آجیل
kian-157,Mandeln | بادام,"Mandeln — Snacks & Nüsse / تنقلات و آجیل. Kian Markt, Luxemburger Str. 12, 50674 Köln.",in stock,new,,https://rahan-liard.vercel.app/shop,https://rahan-liard.vercel.app/images/categories/snacks.jpg,Kian Markt,Snacks & Nüsse > تنقلات و آجیل
kian-158,Pistazien | پسته,"Pistazien — Snacks & Nüsse / تنقلات و آجیل. Kian Markt, Luxemburger Str. 12, 50674 Köln.",in stock,new,,https://rahan-liard.vercel.app/shop,https://rahan-liard.vercel.app/images/categories/snacks.jpg,Kian Markt,Snacks & Nüsse > تنقلات و آجیل
kian-159,Walnüsse | گردو,"Walnüsse — Snacks & Nüsse / تنقلات و آجیل. Kian Markt, Luxemburger Str. 12, 50674 Köln.",in stock,new,,https://rahan-liard.vercel.app/shop,https://rahan-liard.vercel.app/images/products/walnuts.jpg,Kian Markt,Snacks & Nüsse > تنقلات و آجیل
kian-160,Haselnüsse | فندق,"Haselnüsse — Snacks & Nüsse / تنقلات و آجیل. Kian Markt, Luxemburger Str. 12, 50674 Köln.",in stock,new,,https://rahan-liard.vercel.app/shop,https://rahan-liard.vercel.app/images/categories/snacks.jpg,Kian Markt,Snacks & Nüsse > تنقلات و آجیل
kian-161,Rosinen | کشمش,"Rosinen — Snacks & Nüsse / تنقلات و آجیل. Kian Markt, Luxemburger Str. 12, 50674 Köln.",in stock,new,,https://rahan-liard.vercel.app/shop,https://rahan-liard.vercel.app/images/categories/snacks.jpg,Kian Markt,Snacks & Nüsse > تنقلات و آجیل
kian-162,Getrocknete Feigen | انجیر خشک,"Getrocknete Feigen — Snacks & Nüsse / تنقلات و آجیل. Kian Markt, Luxemburger Str. 12, 50674 Köln.",in stock,new,,https://rahan-liard.vercel.app/shop,https://rahan-liard.vercel.app/images/categories/snacks.jpg,Kian Markt,Snacks & Nüsse > تنقلات و آجیل
kian-163,Getrocknete Aprikosen | برگه زردآلو,"Getrocknete Aprikosen — Snacks & Nüsse / تنقلات و آجیل. Kian Markt, Luxemburger Str. 12, 50674 Köln.",in stock,new,,https://rahan-liard.vercel.app/shop,https://rahan-liard.vercel.app/images/categories/snacks.jpg,Kian Markt,Snacks & Nüsse > تنقلات و آجیل
kian-164,Lavashak (Fruchtleder) | لواشک,"Lavashak (Fruchtleder) — Snacks & Nüsse / تنقلات و آجیل. Kian Markt, Luxemburger Str. 12, 50674 Köln.",in stock,new,,https://rahan-liard.vercel.app/shop,https://rahan-liard.vercel.app/images/categories/snacks.jpg,Kian Markt,Snacks & Nüsse > تنقلات و آجیل
kian-165,Aloocheh | آلوچه,"Aloocheh — Snacks & Nüsse / تنقلات و آجیل. Kian Markt, Luxemburger Str. 12, 50674 Köln.",in stock,new,,https://rahan-liard.vercel.app/shop,https://rahan-liard.vercel.app/images/categories/snacks.jpg,Kian Markt,Snacks & Nüsse > تنقلات و آجیل
kian-250,Große Jujube (Annab) | عناب درشت,"Große Jujube (Annab) — Snacks & Nüsse / تنقلات و آجیل. Kian Markt, Luxemburger Str. 12, 50674 Köln.",in stock,new,,https://rahan-liard.vercel.app/shop,https://rahan-liard.vercel.app/images/products/jujube-large.jpg,Kian Markt,Snacks & Nüsse > تنقلات و آجیل
kian-251,Getrocknete Jujube (Annab) | عناب خشک,"Getrocknete Jujube (Annab) — Snacks & Nüsse / تنقلات و آجیل. Kian Markt, Luxemburger Str. 12, 50674 Köln.",in stock,new,,https://rahan-liard.vercel.app/shop,https://rahan-liard.vercel.app/images/products/jujube-dried.jpg,Kian Markt,Snacks & Nüsse > تنقلات و آجیل
kian-166,Gaz (Persischer Nougat) | گز,"Gaz (Persischer Nougat) — Traditionelle Süßigkeiten / شیرینی سنتی. Kian Markt, Luxemburger Str. 12, 50674 Köln.",in stock,new,,https://rahan-liard.vercel.app/shop,https://rahan-liard.vercel.app/images/categories/sweets.jpg,Kian Markt,Traditionelle Süßigkeiten > شیرینی سنتی
kian-167,Sohan | سوهان,"Sohan — Traditionelle Süßigkeiten / شیرینی سنتی. Kian Markt, Luxemburger Str. 12, 50674 Köln.",in stock,new,,https://rahan-liard.vercel.app/shop,https://rahan-liard.vercel.app/images/categories/sweets.jpg,Kian Markt,Traditionelle Süßigkeiten > شیرینی سنتی
kian-168,Poolaki | پولکی,"Poolaki — Traditionelle Süßigkeiten / شیرینی سنتی. Kian Markt, Luxemburger Str. 12, 50674 Köln.",in stock,new,,https://rahan-liard.vercel.app/shop,https://rahan-liard.vercel.app/images/categories/sweets.jpg,Kian Markt,Traditionelle Süßigkeiten > شیرینی سنتی
kian-169,Kandiszucker | نبات,"Kandiszucker — Traditionelle Süßigkeiten / شیرینی سنتی. Kian Markt, Luxemburger Str. 12, 50674 Köln.",in stock,new,,https://rahan-liard.vercel.app/shop,https://rahan-liard.vercel.app/images/categories/sweets.jpg,Kian Markt,Traditionelle Süßigkeiten > شیرینی سنتی
kian-170,Noghl | نقل,"Noghl — Traditionelle Süßigkeiten / شیرینی سنتی. Kian Markt, Luxemburger Str. 12, 50674 Köln.",in stock,new,,https://rahan-liard.vercel.app/shop,https://rahan-liard.vercel.app/images/categories/sweets.jpg,Kian Markt,Traditionelle Süßigkeiten > شیرینی سنتی
kian-171,Baklava | باقلوا,"Baklava — Traditionelle Süßigkeiten / شیرینی سنتی. Kian Markt, Luxemburger Str. 12, 50674 Köln.",in stock,new,,https://rahan-liard.vercel.app/shop,https://rahan-liard.vercel.app/images/categories/sweets.jpg,Kian Markt,Traditionelle Süßigkeiten > شیرینی سنتی
kian-172,Traditioneller Ghotab | قطاب سنتی,"Traditioneller Ghotab — Traditionelle Süßigkeiten / شیرینی سنتی. Kian Markt, Luxemburger Str. 12, 50674 Köln.",in stock,new,,https://rahan-liard.vercel.app/shop,https://rahan-liard.vercel.app/images/categories/sweets.jpg,Kian Markt,Traditionelle Süßigkeiten > شیرینی سنتی
kian-173,Masghati | مسقطی,"Masghati — Traditionelle Süßigkeiten / شیرینی سنتی. Kian Markt, Luxemburger Str. 12, 50674 Köln.",in stock,new,,https://rahan-liard.vercel.app/shop,https://rahan-liard.vercel.app/images/categories/sweets.jpg,Kian Markt,Traditionelle Süßigkeiten > شیرینی سنتی
kian-174,Basloogh | باسلوق,"Basloogh — Traditionelle Süßigkeiten / شیرینی سنتی. Kian Markt, Luxemburger Str. 12, 50674 Köln.",in stock,new,,https://rahan-liard.vercel.app/shop,https://rahan-liard.vercel.app/images/categories/sweets.jpg,Kian Markt,Traditionelle Süßigkeiten > شیرینی سنتی
kian-175,Lokum | راحت‌الحلقوم,"Lokum — Traditionelle Süßigkeiten / شیرینی سنتی. Kian Markt, Luxemburger Str. 12, 50674 Köln.",in stock,new,,https://rahan-liard.vercel.app/shop,https://rahan-liard.vercel.app/images/categories/sweets.jpg,Kian Markt,Traditionelle Süßigkeiten > شیرینی سنتی
kian-176,Lavash-Brot | نان لواش,"Lavash-Brot — Brot / نان. Kian Markt, Luxemburger Str. 12, 50674 Köln.",in stock,new,,https://rahan-liard.vercel.app/shop,https://rahan-liard.vercel.app/images/products/bread.jpg,Kian Markt,Brot > نان
kian-177,Sangak-Brot | نان سنگک,"Sangak-Brot — Brot / نان. Kian Markt, Luxemburger Str. 12, 50674 Köln.",in stock,new,,https://rahan-liard.vercel.app/shop,https://rahan-liard.vercel.app/images/products/bread.jpg,Kian Markt,Brot > نان
kian-178,Barbari-Brot | نان بربری,"Barbari-Brot — Brot / نان. Kian Markt, Luxemburger Str. 12, 50674 Köln.",in stock,new,,https://rahan-liard.vercel.app/shop,https://rahan-liard.vercel.app/images/products/bread.jpg,Kian Markt,Brot > نان
kian-179,Taftoon-Brot | نان تافتون,"Taftoon-Brot — Brot / نان. Kian Markt, Luxemburger Str. 12, 50674 Köln.",in stock,new,,https://rahan-liard.vercel.app/shop,https://rahan-liard.vercel.app/images/products/bread.jpg,Kian Markt,Brot > نان
kian-180,Pitabrot | نان پیتا,"Pitabrot — Brot / نان. Kian Markt, Luxemburger Str. 12, 50674 Köln.",in stock,new,,https://rahan-liard.vercel.app/shop,https://rahan-liard.vercel.app/images/products/bread.jpg,Kian Markt,Brot > نان
kian-181,Toastbrot | نان تست,"Toastbrot — Brot / نان. Kian Markt, Luxemburger Str. 12, 50674 Köln.",in stock,new,2.99 EUR,https://rahan-liard.vercel.app/shop,https://rahan-liard.vercel.app/images/products/bread.jpg,Kian Markt,Brot > نان
kian-182,Tortilla | تورتیلا,"Tortilla — Brot / نان. Kian Markt, Luxemburger Str. 12, 50674 Köln.",in stock,new,,https://rahan-liard.vercel.app/shop,https://rahan-liard.vercel.app/images/products/bread.jpg,Kian Markt,Brot > نان
kian-183,Frische Kräutermischung | سبزی خوردن,"Frische Kräutermischung — Frisches Gemüse / سبزیجات تازه. Kian Markt, Luxemburger Str. 12, 50674 Köln.",in stock,new,,https://rahan-liard.vercel.app/shop,https://rahan-liard.vercel.app/images/categories/broccoli.jpg,Kian Markt,Frisches Gemüse > سبزیجات تازه
kian-184,Petersilie | جعفری,"Petersilie — Frisches Gemüse / سبزیجات تازه. Kian Markt, Luxemburger Str. 12, 50674 Köln.",in stock,new,,https://rahan-liard.vercel.app/shop,https://rahan-liard.vercel.app/images/categories/broccoli.jpg,Kian Markt,Frisches Gemüse > سبزیجات تازه
kian-185,Koriander | گشنیز,"Koriander — Frisches Gemüse / سبزیجات تازه. Kian Markt, Luxemburger Str. 12, 50674 Köln.",in stock,new,,https://rahan-liard.vercel.app/shop,https://rahan-liard.vercel.app/images/categories/broccoli.jpg,Kian Markt,Frisches Gemüse > سبزیجات تازه
kian-186,Dill | شوید,"Dill — Frisches Gemüse / سبزیجات تازه. Kian Markt, Luxemburger Str. 12, 50674 Köln.",in stock,new,,https://rahan-liard.vercel.app/shop,https://rahan-liard.vercel.app/images/categories/broccoli.jpg,Kian Markt,Frisches Gemüse > سبزیجات تازه
kian-187,Minze | نعناع,"Minze — Frisches Gemüse / سبزیجات تازه. Kian Markt, Luxemburger Str. 12, 50674 Köln.",in stock,new,,https://rahan-liard.vercel.app/shop,https://rahan-liard.vercel.app/images/categories/broccoli.jpg,Kian Markt,Frisches Gemüse > سبزیجات تازه
kian-188,Lauch | تره,"Lauch — Frisches Gemüse / سبزیجات تازه. Kian Markt, Luxemburger Str. 12, 50674 Köln.",in stock,new,,https://rahan-liard.vercel.app/shop,https://rahan-liard.vercel.app/images/categories/broccoli.jpg,Kian Markt,Frisches Gemüse > سبزیجات تازه
kian-189,Basilikum | ریحان,"Basilikum — Frisches Gemüse / سبزیجات تازه. Kian Markt, Luxemburger Str. 12, 50674 Köln.",in stock,new,,https://rahan-liard.vercel.app/shop,https://rahan-liard.vercel.app/images/categories/broccoli.jpg,Kian Markt,Frisches Gemüse > سبزیجات تازه
kian-190,Spinat | اسفناج,"Spinat — Frisches Gemüse / سبزیجات تازه. Kian Markt, Luxemburger Str. 12, 50674 Köln.",in stock,new,,https://rahan-liard.vercel.app/shop,https://rahan-liard.vercel.app/images/categories/broccoli.jpg,Kian Markt,Frisches Gemüse > سبزیجات تازه
kian-191,Auberginen | بادمجان,"Auberginen — Frisches Gemüse / سبزیجات تازه. Kian Markt, Luxemburger Str. 12, 50674 Köln.",in stock,new,,https://rahan-liard.vercel.app/shop,https://rahan-liard.vercel.app/images/categories/broccoli.jpg,Kian Markt,Frisches Gemüse > سبزیجات تازه
kian-192,Tomaten | گوجه‌فرنگی,"Tomaten — Frisches Gemüse / سبزیجات تازه. Kian Markt, Luxemburger Str. 12, 50674 Köln.",in stock,new,2.49 EUR,https://rahan-liard.vercel.app/shop,https://rahan-liard.vercel.app/images/products/tomatoes.jpg,Kian Markt,Frisches Gemüse > سبزیجات تازه
kian-193,Gurken | خیار,"Gurken — Frisches Gemüse / سبزیجات تازه. Kian Markt, Luxemburger Str. 12, 50674 Köln.",in stock,new,1.99 EUR,https://rahan-liard.vercel.app/shop,https://rahan-liard.vercel.app/images/products/cucumbers.jpg,Kian Markt,Frisches Gemüse > سبزیجات تازه
kian-194,Paprika | فلفل,"Paprika — Frisches Gemüse / سبزیجات تازه. Kian Markt, Luxemburger Str. 12, 50674 Köln.",in stock,new,,https://rahan-liard.vercel.app/shop,https://rahan-liard.vercel.app/images/categories/broccoli.jpg,Kian Markt,Frisches Gemüse > سبزیجات تازه
kian-195,Zitronen | لیمو,"Zitronen — Frisches Gemüse / سبزیجات تازه. Kian Markt, Luxemburger Str. 12, 50674 Köln.",in stock,new,,https://rahan-liard.vercel.app/shop,https://rahan-liard.vercel.app/images/categories/broccoli.jpg,Kian Markt,Frisches Gemüse > سبزیجات تازه
kian-196,Granatapfel | انار,"Granatapfel — Frisches Obst / میوه. Kian Markt, Luxemburger Str. 12, 50674 Köln.",in stock,new,,https://rahan-liard.vercel.app/shop,https://rahan-liard.vercel.app/images/products/apples.jpg,Kian Markt,Frisches Obst > میوه
kian-197,Kaki | خرمالو,"Kaki — Frisches Obst / میوه. Kian Markt, Luxemburger Str. 12, 50674 Köln.",in stock,new,,https://rahan-liard.vercel.app/shop,https://rahan-liard.vercel.app/images/products/apples.jpg,Kian Markt,Frisches Obst > میوه
kian-198,Datteln | خرما,"Datteln — Frisches Obst / میوه. Kian Markt, Luxemburger Str. 12, 50674 Köln.",in stock,new,,https://rahan-liard.vercel.app/shop,https://rahan-liard.vercel.app/images/products/apples.jpg,Kian Markt,Frisches Obst > میوه
kian-199,Äpfel | سیب,"Äpfel — Frisches Obst / میوه. Kian Markt, Luxemburger Str. 12, 50674 Köln.",in stock,new,2.79 EUR,https://rahan-liard.vercel.app/shop,https://rahan-liard.vercel.app/images/products/apples.jpg,Kian Markt,Frisches Obst > میوه
kian-200,Orangen | پرتقال,"Orangen — Frisches Obst / میوه. Kian Markt, Luxemburger Str. 12, 50674 Köln.",in stock,new,2.49 EUR,https://rahan-liard.vercel.app/shop,https://rahan-liard.vercel.app/images/products/oranges.jpg,Kian Markt,Frisches Obst > میوه
kian-201,Bananen | موز,"Bananen — Frisches Obst / میوه. Kian Markt, Luxemburger Str. 12, 50674 Köln.",in stock,new,,https://rahan-liard.vercel.app/shop,https://rahan-liard.vercel.app/images/products/apples.jpg,Kian Markt,Frisches Obst > میوه
kian-202,Wassermelone | هندوانه,"Wassermelone — Frisches Obst / میوه. Kian Markt, Luxemburger Str. 12, 50674 Köln.",in stock,new,,https://rahan-liard.vercel.app/shop,https://rahan-liard.vercel.app/images/products/apples.jpg,Kian Markt,Frisches Obst > میوه
kian-203,Zuckermelone | طالبی,"Zuckermelone — Frisches Obst / میوه. Kian Markt, Luxemburger Str. 12, 50674 Köln.",in stock,new,,https://rahan-liard.vercel.app/shop,https://rahan-liard.vercel.app/images/products/apples.jpg,Kian Markt,Frisches Obst > میوه
kian-204,Trauben | انگور,"Trauben — Frisches Obst / میوه. Kian Markt, Luxemburger Str. 12, 50674 Köln.",in stock,new,3.99 EUR,https://rahan-liard.vercel.app/shop,https://rahan-liard.vercel.app/images/products/grapes.jpg,Kian Markt,Frisches Obst > میوه
kian-205,Kiwi | کیوی,"Kiwi — Frisches Obst / میوه. Kian Markt, Luxemburger Str. 12, 50674 Köln.",in stock,new,,https://rahan-liard.vercel.app/shop,https://rahan-liard.vercel.app/images/products/apples.jpg,Kian Markt,Frisches Obst > میوه
kian-206,Spülmittel | مایع ظرفشویی,"Spülmittel — Reinigung & Hygiene / شوینده و بهداشتی. Kian Markt, Luxemburger Str. 12, 50674 Köln.",in stock,new,,https://rahan-liard.vercel.app/shop,https://rahan-liard.vercel.app/images/categories/detergent.jpg,Kian Markt,Reinigung & Hygiene > شوینده و بهداشتی
kian-207,Flüssigwaschmittel | مایع لباسشویی,"Flüssigwaschmittel — Reinigung & Hygiene / شوینده و بهداشتی. Kian Markt, Luxemburger Str. 12, 50674 Köln.",in stock,new,,https://rahan-liard.vercel.app/shop,https://rahan-liard.vercel.app/images/categories/detergent.jpg,Kian Markt,Reinigung & Hygiene > شوینده و بهداشتی
kian-208,Waschpulver | پودر لباسشویی,"Waschpulver — Reinigung & Hygiene / شوینده و بهداشتی. Kian Markt, Luxemburger Str. 12, 50674 Köln.",in stock,new,,https://rahan-liard.vercel.app/shop,https://rahan-liard.vercel.app/images/categories/detergent.jpg,Kian Markt,Reinigung & Hygiene > شوینده و بهداشتی
kian-209,Bleichmittel | سفیدکننده,"Bleichmittel — Reinigung & Hygiene / شوینده و بهداشتی. Kian Markt, Luxemburger Str. 12, 50674 Köln.",in stock,new,,https://rahan-liard.vercel.app/shop,https://rahan-liard.vercel.app/images/categories/detergent.jpg,Kian Markt,Reinigung & Hygiene > شوینده و بهداشتی
kian-210,Papiertaschentücher | دستمال کاغذی,"Papiertaschentücher — Reinigung & Hygiene / شوینده و بهداشتی. Kian Markt, Luxemburger Str. 12, 50674 Köln.",in stock,new,,https://rahan-liard.vercel.app/shop,https://rahan-liard.vercel.app/images/categories/detergent.jpg,Kian Markt,Reinigung & Hygiene > شوینده و بهداشتی
kian-211,Toilettenpapier | دستمال توالت,"Toilettenpapier — Reinigung & Hygiene / شوینده و بهداشتی. Kian Markt, Luxemburger Str. 12, 50674 Köln.",in stock,new,,https://rahan-liard.vercel.app/shop,https://rahan-liard.vercel.app/images/categories/detergent.jpg,Kian Markt,Reinigung & Hygiene > شوینده و بهداشتی
kian-212,Müllbeutel | کیسه زباله,"Müllbeutel — Reinigung & Hygiene / شوینده و بهداشتی. Kian Markt, Luxemburger Str. 12, 50674 Köln.",in stock,new,,https://rahan-liard.vercel.app/shop,https://rahan-liard.vercel.app/images/categories/detergent.jpg,Kian Markt,Reinigung & Hygiene > شوینده و بهداشتی
kian-213,Shampoo | شامپو,"Shampoo — Reinigung & Hygiene / شوینده و بهداشتی. Kian Markt, Luxemburger Str. 12, 50674 Köln.",in stock,new,,https://rahan-liard.vercel.app/shop,https://rahan-liard.vercel.app/images/categories/detergent.jpg,Kian Markt,Reinigung & Hygiene > شوینده و بهداشتی
kian-214,Seife | صابون,"Seife — Reinigung & Hygiene / شوینده و بهداشتی. Kian Markt, Luxemburger Str. 12, 50674 Köln.",in stock,new,,https://rahan-liard.vercel.app/shop,https://rahan-liard.vercel.app/images/categories/detergent.jpg,Kian Markt,Reinigung & Hygiene > شوینده و بهداشتی
kian-215,Zahnpasta | خمیردندان,"Zahnpasta — Reinigung & Hygiene / شوینده و بهداشتی. Kian Markt, Luxemburger Str. 12, 50674 Köln.",in stock,new,,https://rahan-liard.vercel.app/shop,https://rahan-liard.vercel.app/images/categories/detergent.jpg,Kian Markt,Reinigung & Hygiene > شوینده و بهداشتی
kian-216,Zahnbürste | مسواک,"Zahnbürste — Reinigung & Hygiene / شوینده و بهداشتی. Kian Markt, Luxemburger Str. 12, 50674 Köln.",in stock,new,,https://rahan-liard.vercel.app/shop,https://rahan-liard.vercel.app/images/categories/detergent.jpg,Kian Markt,Reinigung & Hygiene > شوینده و بهداشتی
kian-217,Einwegbecher | لیوان یکبار مصرف,"Einwegbecher — Einweggeschirr / لوازم یکبار مصرف. Kian Markt, Luxemburger Str. 12, 50674 Köln.",in stock,new,,https://rahan-liard.vercel.app/shop,https://rahan-liard.vercel.app/images/categories/paper.jpg,Kian Markt,Einweggeschirr > لوازم یکبار مصرف
kian-218,Einwegteller | بشقاب یکبار مصرف,"Einwegteller — Einweggeschirr / لوازم یکبار مصرف. Kian Markt, Luxemburger Str. 12, 50674 Köln.",in stock,new,,https://rahan-liard.vercel.app/shop,https://rahan-liard.vercel.app/images/categories/paper.jpg,Kian Markt,Einweggeschirr > لوازم یکبار مصرف
kian-219,Einweglöffel | قاشق یکبار مصرف,"Einweglöffel — Einweggeschirr / لوازم یکبار مصرف. Kian Markt, Luxemburger Str. 12, 50674 Köln.",in stock,new,,https://rahan-liard.vercel.app/shop,https://rahan-liard.vercel.app/images/categories/paper.jpg,Kian Markt,Einweggeschirr > لوازم یکبار مصرف
kian-220,Einweggabeln | چنگال یکبار مصرف,"Einweggabeln — Einweggeschirr / لوازم یکبار مصرف. Kian Markt, Luxemburger Str. 12, 50674 Köln.",in stock,new,,https://rahan-liard.vercel.app/shop,https://rahan-liard.vercel.app/images/categories/paper.jpg,Kian Markt,Einweggeschirr > لوازم یکبار مصرف
kian-221,Einwegmesser | کارد یکبار مصرف,"Einwegmesser — Einweggeschirr / لوازم یکبار مصرف. Kian Markt, Luxemburger Str. 12, 50674 Köln.",in stock,new,,https://rahan-liard.vercel.app/shop,https://rahan-liard.vercel.app/images/categories/paper.jpg,Kian Markt,Einweggeschirr > لوازم یکبار مصرف
kian-222,Einweg-Tischdecke | سفره یکبار مصرف,"Einweg-Tischdecke — Einweggeschirr / لوازم یکبار مصرف. Kian Markt, Luxemburger Str. 12, 50674 Köln.",in stock,new,,https://rahan-liard.vercel.app/shop,https://rahan-liard.vercel.app/images/categories/paper.jpg,Kian Markt,Einweggeschirr > لوازم یکبار مصرف
kian-223,Alufolie | فویل آلومینیوم,"Alufolie — Einweggeschirr / لوازم یکبار مصرف. Kian Markt, Luxemburger Str. 12, 50674 Köln.",in stock,new,,https://rahan-liard.vercel.app/shop,https://rahan-liard.vercel.app/images/categories/paper.jpg,Kian Markt,Einweggeschirr > لوازم یکبار مصرف
kian-224,Frischhaltefolie | سلفون,"Frischhaltefolie — Einweggeschirr / لوازم یکبار مصرف. Kian Markt, Luxemburger Str. 12, 50674 Köln.",in stock,new,,https://rahan-liard.vercel.app/shop,https://rahan-liard.vercel.app/images/categories/paper.jpg,Kian Markt,Einweggeschirr > لوازم یکبار مصرف
kian-225,Gefrierbeutel | کیسه فریزر,"Gefrierbeutel — Einweggeschirr / لوازم یکبار مصرف. Kian Markt, Luxemburger Str. 12, 50674 Köln.",in stock,new,,https://rahan-liard.vercel.app/shop,https://rahan-liard.vercel.app/images/categories/paper.jpg,Kian Markt,Einweggeschirr > لوازم یکبار مصرف
kian-226,Norooz-Sabzeh | سبزه نوروز,"Norooz-Sabzeh — Saisonale Produkte / محصولات مناسبتی. Kian Markt, Luxemburger Str. 12, 50674 Köln.",in stock,new,,https://rahan-liard.vercel.app/shop,https://rahan-liard.vercel.app/images/categories/buns.jpg,Kian Markt,Saisonale Produkte > محصولات مناسبتی
kian-227,Senjed | سنجد,"Senjed — Saisonale Produkte / محصولات مناسبتی. Kian Markt, Luxemburger Str. 12, 50674 Köln.",in stock,new,,https://rahan-liard.vercel.app/shop,https://rahan-liard.vercel.app/images/categories/buns.jpg,Kian Markt,Saisonale Produkte > محصولات مناسبتی
kian-228,Norooz-Samanu | سمنو نوروزی,"Norooz-Samanu — Saisonale Produkte / محصولات مناسبتی. Kian Markt, Luxemburger Str. 12, 50674 Köln.",in stock,new,,https://rahan-liard.vercel.app/shop,https://rahan-liard.vercel.app/images/categories/buns.jpg,Kian Markt,Saisonale Produkte > محصولات مناسبتی
kian-229,Yalda-Nussmischung | آجیل شب یلدا,"Yalda-Nussmischung — Saisonale Produkte / محصولات مناسبتی. Kian Markt, Luxemburger Str. 12, 50674 Köln.",in stock,new,,https://rahan-liard.vercel.app/shop,https://rahan-liard.vercel.app/images/categories/buns.jpg,Kian Markt,Saisonale Produkte > محصولات مناسبتی
kian-230,Festtags-Datteln | خرمای مناسبتی,"Festtags-Datteln — Saisonale Produkte / محصولات مناسبتی. Kian Markt, Luxemburger Str. 12, 50674 Köln.",in stock,new,,https://rahan-liard.vercel.app/shop,https://rahan-liard.vercel.app/images/categories/buns.jpg,Kian Markt,Saisonale Produkte > محصولات مناسبتی
kian-231,Zoolbia & Bamieh | زولبیا و بامیه,"Zoolbia & Bamieh — Saisonale Produkte / محصولات مناسبتی. Kian Markt, Luxemburger Str. 12, 50674 Köln.",in stock,new,,https://rahan-liard.vercel.app/shop,https://rahan-liard.vercel.app/images/categories/buns.jpg,Kian Markt,Saisonale Produkte > محصولات مناسبتی
kian-232,Festgebäck | شیرینی عید,"Festgebäck — Saisonale Produkte / محصولات مناسبتی. Kian Markt, Luxemburger Str. 12, 50674 Köln.",in stock,new,,https://rahan-liard.vercel.app/shop,https://rahan-liard.vercel.app/images/categories/buns.jpg,Kian Markt,Saisonale Produkte > محصولات مناسبتی
kian-233,Kerzen | شمع,"Kerzen — Saisonale Produkte / محصولات مناسبتی. Kian Markt, Luxemburger Str. 12, 50674 Köln.",in stock,new,,https://rahan-liard.vercel.app/shop,https://rahan-liard.vercel.app/images/categories/buns.jpg,Kian Markt,Saisonale Produkte > محصولات مناسبتی
kian-234,Haft-Sin Tischdecke | سفره هفت‌سین,"Haft-Sin Tischdecke — Saisonale Produkte / محصولات مناسبتی. Kian Markt, Luxemburger Str. 12, 50674 Köln.",in stock,new,,https://rahan-liard.vercel.app/shop,https://rahan-liard.vercel.app/images/categories/buns.jpg,Kian Markt,Saisonale Produkte > محصولات مناسبتی
kian-235,Kaffee | قهوه,"Kaffee — Sonstiges / سایر اقلام. Kian Markt, Luxemburger Str. 12, 50674 Köln.",in stock,new,,https://rahan-liard.vercel.app/shop,https://rahan-liard.vercel.app/images/categories/coffee.jpg,Kian Markt,Sonstiges > سایر اقلام
kian-236,Nescafé | نسکافه,"Nescafé — Sonstiges / سایر اقلام. Kian Markt, Luxemburger Str. 12, 50674 Köln.",in stock,new,,https://rahan-liard.vercel.app/shop,https://rahan-liard.vercel.app/images/categories/coffee.jpg,Kian Markt,Sonstiges > سایر اقلام
kian-237,Cappuccino | کاپوچینو,"Cappuccino — Sonstiges / سایر اقلام. Kian Markt, Luxemburger Str. 12, 50674 Köln.",in stock,new,,https://rahan-liard.vercel.app/shop,https://rahan-liard.vercel.app/images/categories/coffee.jpg,Kian Markt,Sonstiges > سایر اقلام
kian-238,Würfelzucker | قند,"Würfelzucker — Sonstiges / سایر اقلام. Kian Markt, Luxemburger Str. 12, 50674 Köln.",in stock,new,,https://rahan-liard.vercel.app/shop,https://rahan-liard.vercel.app/images/categories/coffee.jpg,Kian Markt,Sonstiges > سایر اقلام
kian-239,Zucker | شکر,"Zucker — Sonstiges / سایر اقلام. Kian Markt, Luxemburger Str. 12, 50674 Köln.",in stock,new,,https://rahan-liard.vercel.app/shop,https://rahan-liard.vercel.app/images/categories/coffee.jpg,Kian Markt,Sonstiges > سایر اقلام
kian-240,Kandiszucker-Sticks | نبات چوبی,"Kandiszucker-Sticks — Sonstiges / سایر اقلام. Kian Markt, Luxemburger Str. 12, 50674 Köln.",in stock,new,,https://rahan-liard.vercel.app/shop,https://rahan-liard.vercel.app/images/categories/coffee.jpg,Kian Markt,Sonstiges > سایر اقلام
kian-241,Honig | عسل,"Honig — Sonstiges / سایر اقلام. Kian Markt, Luxemburger Str. 12, 50674 Köln.",in stock,new,7.99 EUR,https://rahan-liard.vercel.app/shop,https://rahan-liard.vercel.app/images/products/honey.jpg,Kian Markt,Sonstiges > سایر اقلام
kian-242,Marmelade | مربا,"Marmelade — Sonstiges / سایر اقلام. Kian Markt, Luxemburger Str. 12, 50674 Köln.",in stock,new,,https://rahan-liard.vercel.app/shop,https://rahan-liard.vercel.app/images/categories/coffee.jpg,Kian Markt,Sonstiges > سایر اقلام
kian-243,Sesammus (Tahini) | ارده,"Sesammus (Tahini) — Sonstiges / سایر اقلام. Kian Markt, Luxemburger Str. 12, 50674 Köln.",in stock,new,,https://rahan-liard.vercel.app/shop,https://rahan-liard.vercel.app/images/categories/coffee.jpg,Kian Markt,Sonstiges > سایر اقلام
kian-244,Halva | حلوا ارده,"Halva — Sonstiges / سایر اقلام. Kian Markt, Luxemburger Str. 12, 50674 Köln.",in stock,new,,https://rahan-liard.vercel.app/shop,https://rahan-liard.vercel.app/images/categories/coffee.jpg,Kian Markt,Sonstiges > سایر اقلام
kian-245,Erdnussbutter | کره بادام‌زمینی,"Erdnussbutter — Sonstiges / سایر اقلام. Kian Markt, Luxemburger Str. 12, 50674 Köln.",in stock,new,,https://rahan-liard.vercel.app/shop,https://rahan-liard.vercel.app/images/categories/coffee.jpg,Kian Markt,Sonstiges > سایر اقلام
kian-246,Thunfisch-Konserve | کنسرو تن ماهی,"Thunfisch-Konserve — Sonstiges / سایر اقلام. Kian Markt, Luxemburger Str. 12, 50674 Köln.",in stock,new,,https://rahan-liard.vercel.app/shop,https://rahan-liard.vercel.app/images/categories/coffee.jpg,Kian Markt,Sonstiges > سایر اقلام
kian-247,Bohnen-Konserve | کنسرو لوبیا,"Bohnen-Konserve — Sonstiges / سایر اقلام. Kian Markt, Luxemburger Str. 12, 50674 Köln.",in stock,new,,https://rahan-liard.vercel.app/shop,https://rahan-liard.vercel.app/images/categories/coffee.jpg,Kian Markt,Sonstiges > سایر اقلام
kian-248,Mais-Konserve | کنسرو ذرت,"Mais-Konserve — Sonstiges / سایر اقلام. Kian Markt, Luxemburger Str. 12, 50674 Köln.",in stock,new,,https://rahan-liard.vercel.app/shop,https://rahan-liard.vercel.app/images/categories/coffee.jpg,Kian Markt,Sonstiges > سایر اقلام
kian-249,Erbsen-Konserve | کنسرو نخودفرنگی,"Erbsen-Konserve — Sonstiges / سایر اقلام. Kian Markt, Luxemburger Str. 12, 50674 Köln.",in stock,new,,https://rahan-liard.vercel.app/shop,https://rahan-liard.vercel.app/images/categories/coffee.jpg,Kian Markt,Sonstiges > سایر اقلام
